filename,duration,totalBusyTime
.\TestInstances\a2\n1000 t1000 LonLr\cap100_n1000_t1000_LonLr_1.txt,206,29103
.\TestInstances\a2\n1000 t1000 LonLr\cap100_n1000_t1000_LonLr_2.txt,136,32726
.\TestInstances\a2\n1000 t1000 LonLr\cap100_n1000_t1000_LonLr_3.txt,104,29929
.\TestInstances\a2\n1000 t1000 LonLr\cap100_n1000_t1000_LonLr_4.txt,128,29540
.\TestInstances\a2\n1000 t1000 LonLr\cap100_n1000_t1000_LonLr_5.txt,96,29945
.\TestInstances\a2\n1000 t1000 LonSm\cap100_n1000_t1000_LonSm_1.txt,88,20469
.\TestInstances\a2\n1000 t1000 LonSm\cap100_n1000_t1000_LonSm_2.txt,88,20809
.\TestInstances\a2\n1000 t1000 LonSm\cap100_n1000_t1000_LonSm_3.txt,109,20971
.\TestInstances\a2\n1000 t1000 LonSm\cap100_n1000_t1000_LonSm_4.txt,80,19951
.\TestInstances\a2\n1000 t1000 LonSm\cap100_n1000_t1000_LonSm_5.txt,82,20189
.\TestInstances\a2\n1000 t1000 ShLr\cap100_n1000_t1000_ShLr_1.txt,90,18007
.\TestInstances\a2\n1000 t1000 ShLr\cap100_n1000_t1000_ShLr_2.txt,98,17388
.\TestInstances\a2\n1000 t1000 ShLr\cap100_n1000_t1000_ShLr_3.txt,81,17400
.\TestInstances\a2\n1000 t1000 ShLr\cap100_n1000_t1000_ShLr_4.txt,79,18543
.\TestInstances\a2\n1000 t1000 ShLr\cap100_n1000_t1000_ShLr_5.txt,83,18496
.\TestInstances\a2\n1000 t1000 ShSm\cap100_n1000_t1000_ShSm_1.txt,78,12647
.\TestInstances\a2\n1000 t1000 ShSm\cap100_n1000_t1000_ShSm_2.txt,77,11897
.\TestInstances\a2\n1000 t1000 ShSm\cap100_n1000_t1000_ShSm_3.txt,79,13605
.\TestInstances\a2\n1000 t1000 ShSm\cap100_n1000_t1000_ShSm_4.txt,83,12163
.\TestInstances\a2\n1000 t1000 ShSm\cap100_n1000_t1000_ShSm_5.txt,76,11842
.\TestInstances\a2\n1000 t1200 LonLr\cap100_n1000_t1200_LonLr_1.txt,85,30924
.\TestInstances\a2\n1000 t1200 LonLr\cap100_n1000_t1200_LonLr_2.txt,90,31499
.\TestInstances\a2\n1000 t1200 LonLr\cap100_n1000_t1200_LonLr_3.txt,82,30244
.\TestInstances\a2\n1000 t1200 LonLr\cap100_n1000_t1200_LonLr_4.txt,83,29578
.\TestInstances\a2\n1000 t1200 LonLr\cap100_n1000_t1200_LonLr_5.txt,84,31643
.\TestInstances\a2\n1000 t1200 LonSm\cap100_n1000_t1200_LonSm_1.txt,79,21669
.\TestInstances\a2\n1000 t1200 LonSm\cap100_n1000_t1200_LonSm_2.txt,79,20892
.\TestInstances\a2\n1000 t1200 LonSm\cap100_n1000_t1200_LonSm_3.txt,89,22549
.\TestInstances\a2\n1000 t1200 LonSm\cap100_n1000_t1200_LonSm_4.txt,81,20770
.\TestInstances\a2\n1000 t1200 LonSm\cap100_n1000_t1200_LonSm_5.txt,81,22554
.\TestInstances\a2\n1000 t1200 ShLr\cap100_n1000_t1200_ShLr_1.txt,83,17568
.\TestInstances\a2\n1000 t1200 ShLr\cap100_n1000_t1200_ShLr_2.txt,83,18665
.\TestInstances\a2\n1000 t1200 ShLr\cap100_n1000_t1200_ShLr_3.txt,79,18596
.\TestInstances\a2\n1000 t1200 ShLr\cap100_n1000_t1200_ShLr_4.txt,74,18477
.\TestInstances\a2\n1000 t1200 ShLr\cap100_n1000_t1200_ShLr_5.txt,79,18136
.\TestInstances\a2\n1000 t1200 ShSm\cap100_n1000_t1200_ShSm_1.txt,78,13459
.\TestInstances\a2\n1000 t1200 ShSm\cap100_n1000_t1200_ShSm_2.txt,80,12489
.\TestInstances\a2\n1000 t1200 ShSm\cap100_n1000_t1200_ShSm_3.txt,76,13016
.\TestInstances\a2\n1000 t1200 ShSm\cap100_n1000_t1200_ShSm_4.txt,82,12481
.\TestInstances\a2\n1000 t1200 ShSm\cap100_n1000_t1200_ShSm_5.txt,75,13321
.\TestInstances\a2\n500 t500 LonLr\cap100_n500_t500_LonLr_1.txt,53,13735
.\TestInstances\a2\n500 t500 LonLr\cap100_n500_t500_LonLr_2.txt,51,13742
.\TestInstances\a2\n500 t500 LonLr\cap100_n500_t500_LonLr_3.txt,52,13943
.\TestInstances\a2\n500 t500 LonLr\cap100_n500_t500_LonLr_4.txt,51,14426
.\TestInstances\a2\n500 t500 LonLr\cap100_n500_t500_LonLr_5.txt,53,14167
.\TestInstances\a2\n500 t500 LonSm\cap100_n500_t500_LonSm_1.txt,53,9866
.\TestInstances\a2\n500 t500 LonSm\cap100_n500_t500_LonSm_2.txt,47,10135
.\TestInstances\a2\n500 t500 LonSm\cap100_n500_t500_LonSm_3.txt,53,9896
.\TestInstances\a2\n500 t500 LonSm\cap100_n500_t500_LonSm_4.txt,49,10351
.\TestInstances\a2\n500 t500 LonSm\cap100_n500_t500_LonSm_5.txt,64,10417
.\TestInstances\a2\n500 t500 ShLr\cap100_n500_t500_ShLr_1.txt,49,8147
.\TestInstances\a2\n500 t500 ShLr\cap100_n500_t500_ShLr_2.txt,44,8271
.\TestInstances\a2\n500 t500 ShLr\cap100_n500_t500_ShLr_3.txt,47,7972
.\TestInstances\a2\n500 t500 ShLr\cap100_n500_t500_ShLr_4.txt,46,8227
.\TestInstances\a2\n500 t500 ShLr\cap100_n500_t500_ShLr_5.txt,54,8438
.\TestInstances\a2\n500 t500 ShSm\cap100_n500_t500_ShSm_1.txt,45,6103
.\TestInstances\a2\n500 t500 ShSm\cap100_n500_t500_ShSm_2.txt,43,5453
.\TestInstances\a2\n500 t500 ShSm\cap100_n500_t500_ShSm_3.txt,41,5845
.\TestInstances\a2\n500 t500 ShSm\cap100_n500_t500_ShSm_4.txt,55,5995
.\TestInstances\a2\n500 t500 ShSm\cap100_n500_t500_ShSm_5.txt,43,5643
.\TestInstances\a2\n500 t600 LonLr\cap100_n500_t600_LonLr_1.txt,50,15335
.\TestInstances\a2\n500 t600 LonLr\cap100_n500_t600_LonLr_2.txt,49,14745
.\TestInstances\a2\n500 t600 LonLr\cap100_n500_t600_LonLr_3.txt,50,14811
.\TestInstances\a2\n500 t600 LonLr\cap100_n500_t600_LonLr_4.txt,50,14209
.\TestInstances\a2\n500 t600 LonLr\cap100_n500_t600_LonLr_5.txt,48,14085
.\TestInstances\a2\n500 t600 LonSm\cap100_n500_t600_LonSm_1.txt,47,10875
.\TestInstances\a2\n500 t600 LonSm\cap100_n500_t600_LonSm_2.txt,48,9862
.\TestInstances\a2\n500 t600 LonSm\cap100_n500_t600_LonSm_3.txt,49,10075
.\TestInstances\a2\n500 t600 LonSm\cap100_n500_t600_LonSm_4.txt,49,10997
.\TestInstances\a2\n500 t600 LonSm\cap100_n500_t600_LonSm_5.txt,48,10832
.\TestInstances\a2\n500 t600 ShLr\cap100_n500_t600_ShLr_1.txt,45,8188
.\TestInstances\a2\n500 t600 ShLr\cap100_n500_t600_ShLr_2.txt,41,8231
.\TestInstances\a2\n500 t600 ShLr\cap100_n500_t600_ShLr_3.txt,48,8446
.\TestInstances\a2\n500 t600 ShLr\cap100_n500_t600_ShLr_4.txt,50,8076
.\TestInstances\a2\n500 t600 ShLr\cap100_n500_t600_ShLr_5.txt,52,8496
.\TestInstances\a2\n500 t600 ShSm\cap100_n500_t600_ShSm_1.txt,42,5588
.\TestInstances\a2\n500 t600 ShSm\cap100_n500_t600_ShSm_2.txt,47,6000
.\TestInstances\a2\n500 t600 ShSm\cap100_n500_t600_ShSm_3.txt,46,6365
.\TestInstances\a2\n500 t600 ShSm\cap100_n500_t600_ShSm_4.txt,47,6139
.\TestInstances\a2\n500 t600 ShSm\cap100_n500_t600_ShSm_5.txt,71,6344
.\TestInstances\c1\exp1_200_200_10_1.txt,25,1821
.\TestInstances\c1\exp1_200_200_10_2.txt,24,1673
.\TestInstances\c1\exp1_200_200_10_3.txt,25,1720
.\TestInstances\c1\exp1_200_200_10_4.txt,21,1804
.\TestInstances\c1\exp1_200_200_10_5.txt,22,1774
.\TestInstances\c1\exp1_200_200_20_1.txt,22,3081
.\TestInstances\c1\exp1_200_200_20_2.txt,30,2905
.\TestInstances\c1\exp1_200_200_20_3.txt,25,2457
.\TestInstances\c1\exp1_200_200_20_4.txt,23,2684
.\TestInstances\c1\exp1_200_200_20_5.txt,24,2703
.\TestInstances\c1\exp1_200_200_40_1.txt,35,5088
.\TestInstances\c1\exp1_200_200_40_2.txt,29,4792
.\TestInstances\c1\exp1_200_200_40_3.txt,45,5102
.\TestInstances\c1\exp1_200_200_40_4.txt,28,5493
.\TestInstances\c1\exp1_200_200_40_5.txt,26,4874
.\TestInstances\c1\exp1_200_200_5_1.txt,21,1129
.\TestInstances\c1\exp1_200_200_5_2.txt,18,1047
.\TestInstances\c1\exp1_200_200_5_3.txt,26,1119
.\TestInstances\c1\exp1_200_200_5_4.txt,18,1194
.\TestInstances\c1\exp1_200_200_5_5.txt,22,1060
.\TestInstances\c1\exp1_200_200_80_1.txt,40,11160
.\TestInstances\c1\exp1_200_200_80_2.txt,36,10819
.\TestInstances\c1\exp1_200_200_80_3.txt,38,10861
.\TestInstances\c1\exp1_200_200_80_4.txt,40,10090
.\TestInstances\c1\exp1_200_200_80_5.txt,38,12243
.\TestInstances\c1\exp1_400_400_10_1.txt,40,3748
.\TestInstances\c1\exp1_400_400_10_2.txt,36,4171
.\TestInstances\c1\exp1_400_400_10_3.txt,36,3929
.\TestInstances\c1\exp1_400_400_10_4.txt,35,3829
.\TestInstances\c1\exp1_400_400_10_5.txt,38,3534
.\TestInstances\c1\exp1_400_400_20_1.txt,40,6083
.\TestInstances\c1\exp1_400_400_20_2.txt,41,6304
.\TestInstances\c1\exp1_400_400_20_3.txt,40,5805
.\TestInstances\c1\exp1_400_400_20_4.txt,40,6339
.\TestInstances\c1\exp1_400_400_20_5.txt,40,6697
.\TestInstances\c1\exp1_400_400_40_1.txt,58,10855
.\TestInstances\c1\exp1_400_400_40_2.txt,50,12333
.\TestInstances\c1\exp1_400_400_40_3.txt,44,10648
.\TestInstances\c1\exp1_400_400_40_4.txt,49,11577
.\TestInstances\c1\exp1_400_400_40_5.txt,47,11693
.\TestInstances\c1\exp1_400_400_5_1.txt,35,2450
.\TestInstances\c1\exp1_400_400_5_2.txt,35,2456
.\TestInstances\c1\exp1_400_400_5_3.txt,34,2611
.\TestInstances\c1\exp1_400_400_5_4.txt,30,2505
.\TestInstances\c1\exp1_400_400_5_5.txt,33,2345
.\TestInstances\c1\exp1_400_400_80_1.txt,70,20828
.\TestInstances\c1\exp1_400_400_80_2.txt,62,22575
.\TestInstances\c1\exp1_400_400_80_3.txt,55,19662
.\TestInstances\c1\exp1_400_400_80_4.txt,60,20473
.\TestInstances\c1\exp1_400_400_80_5.txt,58,20105
.\TestInstances\c1\exp1_600_600_10_1.txt,50,6058
.\TestInstances\c1\exp1_600_600_10_2.txt,55,5408
.\TestInstances\c1\exp1_600_600_10_3.txt,55,5749
.\TestInstances\c1\exp1_600_600_10_4.txt,50,6471
.\TestInstances\c1\exp1_600_600_10_5.txt,50,5777
.\TestInstances\c1\exp1_600_600_20_1.txt,59,9792
.\TestInstances\c1\exp1_600_600_20_2.txt,52,8960
.\TestInstances\c1\exp1_600_600_20_3.txt,56,9353
.\TestInstances\c1\exp1_600_600_20_4.txt,54,9026
.\TestInstances\c1\exp1_600_600_20_5.txt,54,9353
.\TestInstances\c1\exp1_600_600_40_1.txt,62,16776
.\TestInstances\c1\exp1_600_600_40_2.txt,61,17425
.\TestInstances\c1\exp1_600_600_40_3.txt,63,16810
.\TestInstances\c1\exp1_600_600_40_4.txt,69,16224
.\TestInstances\c1\exp1_600_600_40_5.txt,61,15586
.\TestInstances\c1\exp1_600_600_5_1.txt,50,3928
.\TestInstances\c1\exp1_600_600_5_2.txt,46,3980
.\TestInstances\c1\exp1_600_600_5_3.txt,46,3821
.\TestInstances\c1\exp1_600_600_5_4.txt,44,3722
.\TestInstances\c1\exp1_600_600_5_5.txt,45,3863
.\TestInstances\c1\exp1_600_600_80_1.txt,77,30848
.\TestInstances\c1\exp1_600_600_80_2.txt,77,29178
.\TestInstances\c1\exp1_600_600_80_3.txt,75,30231
.\TestInstances\c1\exp1_600_600_80_4.txt,75,29401
.\TestInstances\c1\exp1_600_600_80_5.txt,74,32074
.\TestInstances\c2\exp2_1200_1200_10_1.txt,88,12076
.\TestInstances\c2\exp2_1200_1200_10_2.txt,87,12339
.\TestInstances\c2\exp2_1200_1200_10_3.txt,86,11630
.\TestInstances\c2\exp2_1200_1200_10_4.txt,91,13678
.\TestInstances\c2\exp2_1200_1200_10_5.txt,101,13155
.\TestInstances\c2\exp2_1200_1200_20_1.txt,94,20233
.\TestInstances\c2\exp2_1200_1200_20_2.txt,92,19194
.\TestInstances\c2\exp2_1200_1200_20_3.txt,100,20312
.\TestInstances\c2\exp2_1200_1200_20_4.txt,94,20378
.\TestInstances\c2\exp2_1200_1200_20_5.txt,100,19043
.\TestInstances\c2\exp2_1200_1200_5_1.txt,86,7755
.\TestInstances\c2\exp2_1200_1200_5_2.txt,89,7594
.\TestInstances\c2\exp2_1200_1200_5_3.txt,86,7926
.\TestInstances\c2\exp2_1200_1200_5_4.txt,87,8171
.\TestInstances\c2\exp2_1200_1200_5_5.txt,84,8001
.\TestInstances\c2\exp2_1600_1600_10_1.txt,118,17340
.\TestInstances\c2\exp2_1600_1600_10_2.txt,116,17108
.\TestInstances\c2\exp2_1600_1600_10_3.txt,111,16843
.\TestInstances\c2\exp2_1600_1600_10_4.txt,114,16227
.\TestInstances\c2\exp2_1600_1600_10_5.txt,120,19643
.\TestInstances\c2\exp2_1600_1600_20_1.txt,131,25339
.\TestInstances\c2\exp2_1600_1600_20_2.txt,121,25332
.\TestInstances\c2\exp2_1600_1600_20_3.txt,140,30191
.\TestInstances\c2\exp2_1600_1600_20_4.txt,122,27533
.\TestInstances\c2\exp2_1600_1600_20_5.txt,137,27058
.\TestInstances\c2\exp2_1600_1600_5_1.txt,123,10809
.\TestInstances\c2\exp2_1600_1600_5_2.txt,117,11804
.\TestInstances\c2\exp2_1600_1600_5_3.txt,113,11463
.\TestInstances\c2\exp2_1600_1600_5_4.txt,125,10989
.\TestInstances\c2\exp2_1600_1600_5_5.txt,116,11548
.\TestInstances\c2\exp2_2000_2000_10_1.txt,143,21949
.\TestInstances\c2\exp2_2000_2000_10_2.txt,147,19670
.\TestInstances\c2\exp2_2000_2000_10_3.txt,144,21848
.\TestInstances\c2\exp2_2000_2000_10_4.txt,145,20475
.\TestInstances\c2\exp2_2000_2000_10_5.txt,142,21386
.\TestInstances\c2\exp2_2000_2000_20_1.txt,154,35149
.\TestInstances\c2\exp2_2000_2000_20_2.txt,144,36752
.\TestInstances\c2\exp2_2000_2000_20_3.txt,150,35634
.\TestInstances\c2\exp2_2000_2000_20_4.txt,149,36562
.\TestInstances\c2\exp2_2000_2000_20_5.txt,147,33201
.\TestInstances\c2\exp2_2000_2000_5_1.txt,136,15165
.\TestInstances\c2\exp2_2000_2000_5_2.txt,136,14721
.\TestInstances\c2\exp2_2000_2000_5_3.txt,138,14942
.\TestInstances\c2\exp2_2000_2000_5_4.txt,142,13958
.\TestInstances\c2\exp2_2000_2000_5_5.txt,139,13667
.\TestInstances\c2\exp2_2400_2400_10_1.txt,173,28076
.\TestInstances\c2\exp2_2400_2400_10_2.txt,166,25462
.\TestInstances\c2\exp2_2400_2400_10_3.txt,168,25923
.\TestInstances\c2\exp2_2400_2400_10_4.txt,168,25373
.\TestInstances\c2\exp2_2400_2400_10_5.txt,174,26463
.\TestInstances\c2\exp2_2400_2400_20_1.txt,175,41100
.\TestInstances\c2\exp2_2400_2400_20_2.txt,184,39135
.\TestInstances\c2\exp2_2400_2400_20_3.txt,174,41232
.\TestInstances\c2\exp2_2400_2400_20_4.txt,173,40838
.\TestInstances\c2\exp2_2400_2400_20_5.txt,182,40743
.\TestInstances\c2\exp2_2400_2400_5_1.txt,170,17415
.\TestInstances\c2\exp2_2400_2400_5_2.txt,177,18595
.\TestInstances\c2\exp2_2400_2400_5_3.txt,183,17760
.\TestInstances\c2\exp2_2400_2400_5_4.txt,169,18408
.\TestInstances\c2\exp2_2400_2400_5_5.txt,169,19065
.\TestInstances\c2\exp2_800_800_10_1.txt,74,7842
.\TestInstances\c2\exp2_800_800_10_2.txt,68,8335
.\TestInstances\c2\exp2_800_800_10_3.txt,63,7694
.\TestInstances\c2\exp2_800_800_10_4.txt,76,7974
.\TestInstances\c2\exp2_800_800_10_5.txt,67,8810
.\TestInstances\c2\exp2_800_800_20_1.txt,69,14341
.\TestInstances\c2\exp2_800_800_20_2.txt,74,13167
.\TestInstances\c2\exp2_800_800_20_3.txt,69,13975
.\TestInstances\c2\exp2_800_800_20_4.txt,73,13847
.\TestInstances\c2\exp2_800_800_20_5.txt,72,13135
.\TestInstances\c2\exp2_800_800_5_1.txt,65,5290
.\TestInstances\c2\exp2_800_800_5_2.txt,65,5431
.\TestInstances\c2\exp2_800_800_5_3.txt,64,4740
.\TestInstances\c2\exp2_800_800_5_4.txt,71,5562
.\TestInstances\c2\exp2_800_800_5_5.txt,61,5052
.\TestInstances\c3\exp2_1000_1000_40_1.txt,91,28226
.\TestInstances\c3\exp2_1000_1000_40_2.txt,94,27977
.\TestInstances\c3\exp2_1000_1000_40_3.txt,90,28778
.\TestInstances\c3\exp2_1000_1000_40_4.txt,97,28304
.\TestInstances\c3\exp2_1000_1000_40_5.txt,95,27770
.\TestInstances\c3\exp2_1000_1000_80_1.txt,122,51909
.\TestInstances\c3\exp2_1000_1000_80_2.txt,112,54239
.\TestInstances\c3\exp2_1000_1000_80_3.txt,114,52891
.\TestInstances\c3\exp2_1000_1000_80_4.txt,111,49127
.\TestInstances\c3\exp2_1000_1000_80_5.txt,114,52332
.\TestInstances\c3\exp2_800_800_40_1.txt,88,20952
.\TestInstances\c3\exp2_800_800_40_2.txt,75,22233
.\TestInstances\c3\exp2_800_800_40_3.txt,76,22146
.\TestInstances\c3\exp2_800_800_40_4.txt,83,22625
.\TestInstances\c3\exp2_800_800_40_5.txt,78,21477
.\TestInstances\c3\exp2_800_800_80_1.txt,95,43331
.\TestInstances\c3\exp2_800_800_80_2.txt,101,41437
.\TestInstances\c3\exp2_800_800_80_3.txt,96,41633
.\TestInstances\c3\exp2_800_800_80_4.txt,109,45165
.\TestInstances\c3\exp2_800_800_80_5.txt,93,40987
.\TestInstances\c3\exp2_900_900_40_1.txt,88,26740
.\TestInstances\c3\exp2_900_900_40_2.txt,87,25096
.\TestInstances\c3\exp2_900_900_40_3.txt,85,26318
.\TestInstances\c3\exp2_900_900_40_4.txt,87,25280
.\TestInstances\c3\exp2_900_900_40_5.txt,85,24741
.\TestInstances\c3\exp2_900_900_80_1.txt,98,46151
.\TestInstances\c3\exp2_900_900_80_2.txt,102,45672
.\TestInstances\c3\exp2_900_900_80_3.txt,97,45251
.\TestInstances\c3\exp2_900_900_80_4.txt,93,46501
.\TestInstances\c3\exp2_900_900_80_5.txt,105,46694
.\TestInstances\d1\1000_24_1.txt,95,508230
.\TestInstances\d1\1000_24_10.txt,93,357911
.\TestInstances\d1\1000_24_2.txt,87,348413
.\TestInstances\d1\1000_24_3.txt,92,338688
.\TestInstances\d1\1000_24_4.txt,95,373338
.\TestInstances\d1\1000_24_5.txt,97,350010
.\TestInstances\d1\1000_24_6.txt,94,445391
.\TestInstances\d1\1000_24_7.txt,96,367062
.\TestInstances\d1\1000_24_8.txt,88,387488
.\TestInstances\d1\1000_24_9.txt,93,449278
.\TestInstances\d1\1000_2_1.txt,120,883301
.\TestInstances\d1\1000_2_10.txt,119,886997
.\TestInstances\d1\1000_2_2.txt,111,908939
.\TestInstances\d1\1000_2_3.txt,107,897934
.\TestInstances\d1\1000_2_4.txt,117,878915
.\TestInstances\d1\1000_2_5.txt,113,903275
.\TestInstances\d1\1000_2_6.txt,115,894649
.\TestInstances\d1\1000_2_7.txt,111,963635
.\TestInstances\d1\1000_2_8.txt,120,889891
.\TestInstances\d1\1000_2_9.txt,112,846481
.\TestInstances\d1\1000_4_1.txt,120,688139
.\TestInstances\d1\1000_4_10.txt,117,690443
.\TestInstances\d1\1000_4_2.txt,116,724332
.\TestInstances\d1\1000_4_3.txt,124,619992
.\TestInstances\d1\1000_4_4.txt,120,741426
.\TestInstances\d1\1000_4_5.txt,117,669496
.\TestInstances\d1\1000_4_6.txt,133,627860
.\TestInstances\d1\1000_4_7.txt,117,796668
.\TestInstances\d1\1000_4_8.txt,116,643127
.\TestInstances\d1\1000_4_9.txt,123,583697
.\TestInstances\d1\1000_8_1.txt,113,835677
.\TestInstances\d1\1000_8_10.txt,105,819570
.\TestInstances\d1\1000_8_2.txt,107,721960
.\TestInstances\d1\1000_8_3.txt,114,634792
.\TestInstances\d1\1000_8_4.txt,112,643906
.\TestInstances\d1\1000_8_5.txt,112,665107
.\TestInstances\d1\1000_8_6.txt,108,682666
.\TestInstances\d1\1000_8_7.txt,109,714668
.\TestInstances\d1\1000_8_8.txt,101,796043
.\TestInstances\d1\1000_8_9.txt,104,698200
.\TestInstances\d1\1000_inf_1.txt,86,222810
.\TestInstances\d1\1000_inf_10.txt,84,229444
.\TestInstances\d1\1000_inf_2.txt,85,186531
.\TestInstances\d1\1000_inf_3.txt,89,163980
.\TestInstances\d1\1000_inf_4.txt,83,218012
.\TestInstances\d1\1000_inf_5.txt,86,194244
.\TestInstances\d1\1000_inf_6.txt,84,205190
.\TestInstances\d1\1000_inf_7.txt,78,183968
.\TestInstances\d1\1000_inf_8.txt,85,191717
.\TestInstances\d1\1000_inf_9.txt,84,282522
.\TestInstances\d1\100_24_1.txt,13,66412
.\TestInstances\d1\100_24_10.txt,11,51045
.\TestInstances\d1\100_24_2.txt,9,51507
.\TestInstances\d1\100_24_3.txt,9,41343
.\TestInstances\d1\100_24_4.txt,11,42799
.\TestInstances\d1\100_24_5.txt,9,47513
.\TestInstances\d1\100_24_6.txt,10,52650
.\TestInstances\d1\100_24_7.txt,9,57935
.\TestInstances\d1\100_24_8.txt,12,48026
.\TestInstances\d1\100_24_9.txt,8,56506
.\TestInstances\d1\100_2_1.txt,16,104768
.\TestInstances\d1\100_2_10.txt,12,106289
.\TestInstances\d1\100_2_2.txt,12,141556
.\TestInstances\d1\100_2_3.txt,13,84885
.\TestInstances\d1\100_2_4.txt,15,92945
.\TestInstances\d1\100_2_5.txt,14,88522
.\TestInstances\d1\100_2_6.txt,16,126175
.\TestInstances\d1\100_2_7.txt,12,112258
.\TestInstances\d1\100_2_8.txt,13,103202
.\TestInstances\d1\100_2_9.txt,13,103537
.\TestInstances\d1\100_4_1.txt,14,107523
.\TestInstances\d1\100_4_10.txt,17,65695
.\TestInstances\d1\100_4_2.txt,14,94480
.\TestInstances\d1\100_4_3.txt,11,78889
.\TestInstances\d1\100_4_4.txt,19,104109
.\TestInstances\d1\100_4_5.txt,15,84399
.\TestInstances\d1\100_4_6.txt,23,77887
.\TestInstances\d1\100_4_7.txt,16,101124
.\TestInstances\d1\100_4_8.txt,14,93322
.\TestInstances\d1\100_4_9.txt,15,71855
.\TestInstances\d1\100_8_1.txt,12,161273
.\TestInstances\d1\100_8_10.txt,11,101406
.\TestInstances\d1\100_8_2.txt,10,87752
.\TestInstances\d1\100_8_3.txt,13,61082
.\TestInstances\d1\100_8_4.txt,12,101138
.\TestInstances\d1\100_8_5.txt,14,73294
.\TestInstances\d1\100_8_6.txt,11,101118
.\TestInstances\d1\100_8_7.txt,12,67953
.\TestInstances\d1\100_8_8.txt,16,83898
.\TestInstances\d1\100_8_9.txt,17,66360
.\TestInstances\d1\100_inf_1.txt,10,39865
.\TestInstances\d1\100_inf_10.txt,16,40044
.\TestInstances\d1\100_inf_2.txt,10,31664
.\TestInstances\d1\100_inf_3.txt,10,28405
.\TestInstances\d1\100_inf_4.txt,8,35927
.\TestInstances\d1\100_inf_5.txt,7,38918
.\TestInstances\d1\100_inf_6.txt,9,45536
.\TestInstances\d1\100_inf_7.txt,9,39647
.\TestInstances\d1\100_inf_8.txt,10,47108
.\TestInstances\d1\100_inf_9.txt,16,59122
.\TestInstances\d1\200_24_1.txt,23,88416
.\TestInstances\d1\200_24_10.txt,22,117405
.\TestInstances\d1\200_24_2.txt,21,101626
.\TestInstances\d1\200_24_3.txt,19,87572
.\TestInstances\d1\200_24_4.txt,23,89397
.\TestInstances\d1\200_24_5.txt,22,76138
.\TestInstances\d1\200_24_6.txt,19,121032
.\TestInstances\d1\200_24_7.txt,23,98249
.\TestInstances\d1\200_24_8.txt,19,87522
.\TestInstances\d1\200_24_9.txt,21,87275
.\TestInstances\d1\200_2_1.txt,25,185707
.\TestInstances\d1\200_2_10.txt,23,173626
.\TestInstances\d1\200_2_2.txt,23,247967
.\TestInstances\d1\200_2_3.txt,23,153777
.\TestInstances\d1\200_2_4.txt,22,179025
.\TestInstances\d1\200_2_5.txt,26,184352
.\TestInstances\d1\200_2_6.txt,26,217409
.\TestInstances\d1\200_2_7.txt,22,233264
.\TestInstances\d1\200_2_8.txt,24,182566
.\TestInstances\d1\200_2_9.txt,23,177958
.\TestInstances\d1\200_4_1.txt,27,141843
.\TestInstances\d1\200_4_10.txt,30,127143
.\TestInstances\d1\200_4_2.txt,29,165320
.\TestInstances\d1\200_4_3.txt,27,119885
.\TestInstances\d1\200_4_4.txt,28,151523
.\TestInstances\d1\200_4_5.txt,29,166073
.\TestInstances\d1\200_4_6.txt,31,140758
.\TestInstances\d1\200_4_7.txt,26,173682
.\TestInstances\d1\200_4_8.txt,27,150186
.\TestInstances\d1\200_4_9.txt,26,140341
.\TestInstances\d1\200_8_1.txt,23,230315
.\TestInstances\d1\200_8_10.txt,26,183961
.\TestInstances\d1\200_8_2.txt,22,202107
.\TestInstances\d1\200_8_3.txt,27,143140
.\TestInstances\d1\200_8_4.txt,23,150538
.\TestInstances\d1\200_8_5.txt,23,124457
.\TestInstances\d1\200_8_6.txt,19,202096
.\TestInstances\d1\200_8_7.txt,23,116816
.\TestInstances\d1\200_8_8.txt,25,162980
.\TestInstances\d1\200_8_9.txt,25,148938
.\TestInstances\d1\200_inf_1.txt,17,79802
.\TestInstances\d1\200_inf_10.txt,22,80012
.\TestInstances\d1\200_inf_2.txt,22,53107
.\TestInstances\d1\200_inf_3.txt,22,59847
.\TestInstances\d1\200_inf_4.txt,17,52428
.\TestInstances\d1\200_inf_5.txt,16,64083
.\TestInstances\d1\200_inf_6.txt,17,46628
.\TestInstances\d1\200_inf_7.txt,21,60239
.\TestInstances\d1\200_inf_8.txt,18,68249
.\TestInstances\d1\200_inf_9.txt,20,79334
.\TestInstances\d1\500_24_1.txt,48,282271
.\TestInstances\d1\500_24_10.txt,47,205258
.\TestInstances\d1\500_24_2.txt,47,164944
.\TestInstances\d1\500_24_3.txt,52,156429
.\TestInstances\d1\500_24_4.txt,48,151309
.\TestInstances\d1\500_24_5.txt,48,175497
.\TestInstances\d1\500_24_6.txt,52,262505
.\TestInstances\d1\500_24_7.txt,47,214258
.\TestInstances\d1\500_24_8.txt,45,216465
.\TestInstances\d1\500_24_9.txt,49,179337
.\TestInstances\d1\500_2_1.txt,65,393423
.\TestInstances\d1\500_2_10.txt,55,441942
.\TestInstances\d1\500_2_2.txt,59,457270
.\TestInstances\d1\500_2_3.txt,54,434626
.\TestInstances\d1\500_2_4.txt,55,444086
.\TestInstances\d1\500_2_5.txt,51,510812
.\TestInstances\d1\500_2_6.txt,69,493624
.\TestInstances\d1\500_2_7.txt,59,526223
.\TestInstances\d1\500_2_8.txt,57,448701
.\TestInstances\d1\500_2_9.txt,59,434212
.\TestInstances\d1\500_4_1.txt,62,329180
.\TestInstances\d1\500_4_10.txt,60,334779
.\TestInstances\d1\500_4_2.txt,62,356298
.\TestInstances\d1\500_4_3.txt,62,317220
.\TestInstances\d1\500_4_4.txt,65,365338
.\TestInstances\d1\500_4_5.txt,61,360859
.\TestInstances\d1\500_4_6.txt,69,313097
.\TestInstances\d1\500_4_7.txt,63,395862
.\TestInstances\d1\500_4_8.txt,63,352561
.\TestInstances\d1\500_4_9.txt,59,310045
.\TestInstances\d1\500_8_1.txt,57,451926
.\TestInstances\d1\500_8_10.txt,58,467293
.\TestInstances\d1\500_8_2.txt,55,367204
.\TestInstances\d1\500_8_3.txt,58,348876
.\TestInstances\d1\500_8_4.txt,54,335559
.\TestInstances\d1\500_8_5.txt,62,290735
.\TestInstances\d1\500_8_6.txt,58,372274
.\TestInstances\d1\500_8_7.txt,58,241980
.\TestInstances\d1\500_8_8.txt,57,465664
.\TestInstances\d1\500_8_9.txt,54,312349
.\TestInstances\d1\500_inf_1.txt,42,180018
.\TestInstances\d1\500_inf_10.txt,43,180833
.\TestInstances\d1\500_inf_2.txt,44,90094
.\TestInstances\d1\500_inf_3.txt,54,98269
.\TestInstances\d1\500_inf_4.txt,43,125503
.\TestInstances\d1\500_inf_5.txt,40,124224
.\TestInstances\d1\500_inf_6.txt,44,97121
.\TestInstances\d1\500_inf_7.txt,51,118083
.\TestInstances\d1\500_inf_8.txt,49,141592
.\TestInstances\d1\500_inf_9.txt,50,161398
.\TestInstances\d2\10000_24_1.txt,917,3880907
.\TestInstances\d2\10000_24_10.txt,946,3272091
.\TestInstances\d2\10000_24_2.txt,961,3529139
.\TestInstances\d2\10000_24_3.txt,987,3233445
.\TestInstances\d2\10000_24_4.txt,942,3700649
.\TestInstances\d2\10000_24_5.txt,916,3147848
.\TestInstances\d2\10000_24_6.txt,927,3467363
.\TestInstances\d2\10000_24_7.txt,964,3424789
.\TestInstances\d2\10000_24_8.txt,907,3465035
.\TestInstances\d2\10000_24_9.txt,959,3764439
.\TestInstances\d2\10000_2_1.txt,1359,8747148
.\TestInstances\d2\10000_2_10.txt,1345,8917625
.\TestInstances\d2\10000_2_2.txt,1345,8858860
.\TestInstances\d2\10000_2_3.txt,1363,8847891
.\TestInstances\d2\10000_2_4.txt,1396,8896249
.\TestInstances\d2\10000_2_5.txt,1351,8720573
.\TestInstances\d2\10000_2_6.txt,1368,8723795
.\TestInstances\d2\10000_2_7.txt,1361,8974565
.\TestInstances\d2\10000_2_8.txt,1293,8756761
.\TestInstances\d2\10000_2_9.txt,1315,8591251
.\TestInstances\d2\10000_4_1.txt,1271,6690679
.\TestInstances\d2\10000_4_10.txt,1278,6427870
.\TestInstances\d2\10000_4_2.txt,1237,6459668
.\TestInstances\d2\10000_4_3.txt,1223,6524852
.\TestInstances\d2\10000_4_4.txt,1264,6553849
.\TestInstances\d2\10000_4_5.txt,1203,6327267
.\TestInstances\d2\10000_4_6.txt,1328,6462490
.\TestInstances\d2\10000_4_7.txt,1250,6731287
.\TestInstances\d2\10000_4_8.txt,1202,6460995
.\TestInstances\d2\10000_4_9.txt,1296,6376194
.\TestInstances\d2\10000_8_1.txt,1082,7182940
.\TestInstances\d2\10000_8_10.txt,1078,7011908
.\TestInstances\d2\10000_8_2.txt,1132,6561254
.\TestInstances\d2\10000_8_3.txt,1114,6735555
.\TestInstances\d2\10000_8_4.txt,1069,6676955
.\TestInstances\d2\10000_8_5.txt,1061,6439000
.\TestInstances\d2\10000_8_6.txt,1014,6490354
.\TestInstances\d2\10000_8_7.txt,1041,6797568
.\TestInstances\d2\10000_8_8.txt,1043,6453554
.\TestInstances\d2\10000_8_9.txt,1068,6468131
.\TestInstances\d2\10000_inf_1.txt,807,1861589
.\TestInstances\d2\10000_inf_10.txt,802,2056950
.\TestInstances\d2\10000_inf_2.txt,804,1696398
.\TestInstances\d2\10000_inf_3.txt,783,1715753
.\TestInstances\d2\10000_inf_4.txt,783,1839626
.\TestInstances\d2\10000_inf_5.txt,773,2019437
.\TestInstances\d2\10000_inf_6.txt,763,1815275
.\TestInstances\d2\10000_inf_7.txt,763,1687033
.\TestInstances\d2\10000_inf_8.txt,775,1813570
.\TestInstances\d2\10000_inf_9.txt,757,1840164
.\TestInstances\d2\2000_24_1.txt,176,877626
.\TestInstances\d2\2000_24_10.txt,178,705009
.\TestInstances\d2\2000_24_2.txt,173,632687
.\TestInstances\d2\2000_24_3.txt,167,637012
.\TestInstances\d2\2000_24_4.txt,175,916231
.\TestInstances\d2\2000_24_5.txt,182,700945
.\TestInstances\d2\2000_24_6.txt,175,604069
.\TestInstances\d2\2000_24_7.txt,175,621861
.\TestInstances\d2\2000_24_8.txt,178,702423
.\TestInstances\d2\2000_24_9.txt,174,778490
.\TestInstances\d2\2000_2_1.txt,219,1845110
.\TestInstances\d2\2000_2_10.txt,214,1763922
.\TestInstances\d2\2000_2_2.txt,219,1819109
.\TestInstances\d2\2000_2_3.txt,221,1718203
.\TestInstances\d2\2000_2_4.txt,214,1823169
.\TestInstances\d2\2000_2_5.txt,217,1849127
.\TestInstances\d2\2000_2_6.txt,233,1720803
.\TestInstances\d2\2000_2_7.txt,222,1781933
.\TestInstances\d2\2000_2_8.txt,219,1823245
.\TestInstances\d2\2000_2_9.txt,216,1799323
.\TestInstances\d2\2000_4_1.txt,221,1378293
.\TestInstances\d2\2000_4_10.txt,233,1341535
.\TestInstances\d2\2000_4_2.txt,232,1402414
.\TestInstances\d2\2000_4_3.txt,233,1308637
.\TestInstances\d2\2000_4_4.txt,227,1460114
.\TestInstances\d2\2000_4_5.txt,227,1314366
.\TestInstances\d2\2000_4_6.txt,248,1238308
.\TestInstances\d2\2000_4_7.txt,228,1507959
.\TestInstances\d2\2000_4_8.txt,232,1308984
.\TestInstances\d2\2000_4_9.txt,225,1273169
.\TestInstances\d2\2000_8_1.txt,202,1616695
.\TestInstances\d2\2000_8_10.txt,196,1477470
.\TestInstances\d2\2000_8_2.txt,204,1295296
.\TestInstances\d2\2000_8_3.txt,203,1377506
.\TestInstances\d2\2000_8_4.txt,211,1245726
.\TestInstances\d2\2000_8_5.txt,212,1189406
.\TestInstances\d2\2000_8_6.txt,202,1361903
.\TestInstances\d2\2000_8_7.txt,211,1364404
.\TestInstances\d2\2000_8_8.txt,217,1379236
.\TestInstances\d2\2000_8_9.txt,218,1259107
.\TestInstances\d2\2000_inf_1.txt,163,473760
.\TestInstances\d2\2000_inf_10.txt,156,407405
.\TestInstances\d2\2000_inf_2.txt,171,391502
.\TestInstances\d2\2000_inf_3.txt,155,342082
.\TestInstances\d2\2000_inf_4.txt,156,448338
.\TestInstances\d2\2000_inf_5.txt,154,486337
.\TestInstances\d2\2000_inf_6.txt,149,392814
.\TestInstances\d2\2000_inf_7.txt,157,330514
.\TestInstances\d2\2000_inf_8.txt,162,350661
.\TestInstances\d2\2000_inf_9.txt,156,427255
.\TestInstances\d2\5000_24_1.txt,444,1983261
.\TestInstances\d2\5000_24_10.txt,469,1681874
.\TestInstances\d2\5000_24_2.txt,453,1663637
.\TestInstances\d2\5000_24_3.txt,459,1544792
.\TestInstances\d2\5000_24_4.txt,458,1783742
.\TestInstances\d2\5000_24_5.txt,454,1593259
.\TestInstances\d2\5000_24_6.txt,450,1687167
.\TestInstances\d2\5000_24_7.txt,456,1705578
.\TestInstances\d2\5000_24_8.txt,443,1775164
.\TestInstances\d2\5000_24_9.txt,441,2056612
.\TestInstances\d2\5000_2_1.txt,620,4448520
.\TestInstances\d2\5000_2_10.txt,594,4389678
.\TestInstances\d2\5000_2_2.txt,646,4331560
.\TestInstances\d2\5000_2_3.txt,601,4420684
.\TestInstances\d2\5000_2_4.txt,601,4446370
.\TestInstances\d2\5000_2_5.txt,618,4387658
.\TestInstances\d2\5000_2_6.txt,636,4387175
.\TestInstances\d2\5000_2_7.txt,635,4585475
.\TestInstances\d2\5000_2_8.txt,638,4292599
.\TestInstances\d2\5000_2_9.txt,619,4296588
.\TestInstances\d2\5000_4_1.txt,609,3561327
.\TestInstances\d2\5000_4_10.txt,635,3227729
.\TestInstances\d2\5000_4_2.txt,595,3405818
.\TestInstances\d2\5000_4_3.txt,612,3238477
.\TestInstances\d2\5000_4_4.txt,627,3350277
.\TestInstances\d2\5000_4_5.txt,603,3278717
.\TestInstances\d2\5000_4_6.txt,598,3162918
.\TestInstances\d2\5000_4_7.txt,594,3382839
.\TestInstances\d2\5000_4_8.txt,606,3274862
.\TestInstances\d2\5000_4_9.txt,612,3177773
.\TestInstances\d2\5000_8_1.txt,528,3836480
.\TestInstances\d2\5000_8_10.txt,481,3565469
.\TestInstances\d2\5000_8_2.txt,505,3277380
.\TestInstances\d2\5000_8_3.txt,536,3381414
.\TestInstances\d2\5000_8_4.txt,549,3224223
.\TestInstances\d2\5000_8_5.txt,546,3106962
.\TestInstances\d2\5000_8_6.txt,519,3343867
.\TestInstances\d2\5000_8_7.txt,527,3367566
.\TestInstances\d2\5000_8_8.txt,496,3445929
.\TestInstances\d2\5000_8_9.txt,550,3395547
.\TestInstances\d2\5000_inf_1.txt,393,911304
.\TestInstances\d2\5000_inf_10.txt,401,1019214
.\TestInstances\d2\5000_inf_2.txt,401,922901
.\TestInstances\d2\5000_inf_3.txt,407,882117
.\TestInstances\d2\5000_inf_4.txt,406,991976
.\TestInstances\d2\5000_inf_5.txt,411,1039931
.\TestInstances\d2\5000_inf_6.txt,391,876896
.\TestInstances\d2\5000_inf_7.txt,408,923695
.\TestInstances\d2\5000_inf_8.txt,415,853019
.\TestInstances\d2\5000_inf_9.txt,394,996600
.\TestInstances\n100 t100 LonLr\cap100_n100_t100_LonLr_1.txt,18,2479
.\TestInstances\n100 t100 LonLr\cap100_n100_t100_LonLr_2.txt,21,2737
.\TestInstances\n100 t100 LonLr\cap100_n100_t100_LonLr_3.txt,19,2470
.\TestInstances\n100 t100 LonLr\cap100_n100_t100_LonLr_4.txt,19,2643
.\TestInstances\n100 t100 LonLr\cap100_n100_t100_LonLr_5.txt,19,2459
.\TestInstances\n100 t100 LonSm\cap100_n100_t100_LonSm_1.txt,15,1891
.\TestInstances\n100 t100 LonSm\cap100_n100_t100_LonSm_2.txt,19,1833
.\TestInstances\n100 t100 LonSm\cap100_n100_t100_LonSm_3.txt,15,1920
.\TestInstances\n100 t100 LonSm\cap100_n100_t100_LonSm_4.txt,17,1924
.\TestInstances\n100 t100 LonSm\cap100_n100_t100_LonSm_5.txt,16,1952
.\TestInstances\n100 t100 ShLr\cap100_n100_t100_ShLr_1.txt,17,1401
.\TestInstances\n100 t100 ShLr\cap100_n100_t100_ShLr_2.txt,13,1283
.\TestInstances\n100 t100 ShLr\cap100_n100_t100_ShLr_3.txt,19,1470
.\TestInstances\n100 t100 ShLr\cap100_n100_t100_ShLr_4.txt,16,1372
.\TestInstances\n100 t100 ShLr\cap100_n100_t100_ShLr_5.txt,13,1328
.\TestInstances\n100 t100 ShSm\cap100_n100_t100_ShSm_1.txt,13,1118
.\TestInstances\n100 t100 ShSm\cap100_n100_t100_ShSm_2.txt,16,1046
.\TestInstances\n100 t100 ShSm\cap100_n100_t100_ShSm_3.txt,16,1052
.\TestInstances\n100 t100 ShSm\cap100_n100_t100_ShSm_4.txt,16,1029
.\TestInstances\n100 t100 ShSm\cap100_n100_t100_ShSm_5.txt,15,1120
.\TestInstances\n100 t120 LonLr\cap100_n100_t120_LonLr_1.txt,15,2600
.\TestInstances\n100 t120 LonLr\cap100_n100_t120_LonLr_2.txt,20,2674
.\TestInstances\n100 t120 LonLr\cap100_n100_t120_LonLr_3.txt,17,2721
.\TestInstances\n100 t120 LonLr\cap100_n100_t120_LonLr_4.txt,21,2693
.\TestInstances\n100 t120 LonLr\cap100_n100_t120_LonLr_5.txt,16,2460
.\TestInstances\n100 t120 LonSm\cap100_n100_t120_LonSm_1.txt,14,1845
.\TestInstances\n100 t120 LonSm\cap100_n100_t120_LonSm_2.txt,15,2012
.\TestInstances\n100 t120 LonSm\cap100_n100_t120_LonSm_3.txt,17,1918
.\TestInstances\n100 t120 LonSm\cap100_n100_t120_LonSm_4.txt,16,1981
.\TestInstances\n100 t120 LonSm\cap100_n100_t120_LonSm_5.txt,15,2025
.\TestInstances\n100 t120 ShLr\cap100_n100_t120_ShLr_1.txt,14,1547
.\TestInstances\n100 t120 ShLr\cap100_n100_t120_ShLr_2.txt,14,1384
.\TestInstances\n100 t120 ShLr\cap100_n100_t120_ShLr_3.txt,15,1457
.\TestInstances\n100 t120 ShLr\cap100_n100_t120_ShLr_4.txt,12,1422
.\TestInstances\n100 t120 ShLr\cap100_n100_t120_ShLr_5.txt,16,1476
.\TestInstances\n100 t120 ShSm\cap100_n100_t120_ShSm_1.txt,14,1076
.\TestInstances\n100 t120 ShSm\cap100_n100_t120_ShSm_2.txt,18,1005
.\TestInstances\n100 t120 ShSm\cap100_n100_t120_ShSm_3.txt,14,1052
.\TestInstances\n100 t120 ShSm\cap100_n100_t120_ShSm_4.txt,15,1111
.\TestInstances\n100 t120 ShSm\cap100_n100_t120_ShSm_5.txt,18,1143
.\TestInstances\n150 t150 LonLr\cap100_n150_t150_LonLr_1.txt,23,3734
.\TestInstances\n150 t150 LonLr\cap100_n150_t150_LonLr_2.txt,23,3902
.\TestInstances\n150 t150 LonLr\cap100_n150_t150_LonLr_3.txt,23,3940
.\TestInstances\n150 t150 LonLr\cap100_n150_t150_LonLr_4.txt,27,3847
.\TestInstances\n150 t150 LonLr\cap100_n150_t150_LonLr_5.txt,22,3952
.\TestInstances\n150 t150 LonSm\cap100_n150_t150_LonSm_1.txt,23,2870
.\TestInstances\n150 t150 LonSm\cap100_n150_t150_LonSm_2.txt,21,3074
.\TestInstances\n150 t150 LonSm\cap100_n150_t150_LonSm_3.txt,21,2817
.\TestInstances\n150 t150 LonSm\cap100_n150_t150_LonSm_4.txt,24,2800
.\TestInstances\n150 t150 LonSm\cap100_n150_t150_LonSm_5.txt,21,2991
.\TestInstances\n150 t150 ShLr\cap100_n150_t150_ShLr_1.txt,20,2180
.\TestInstances\n150 t150 ShLr\cap100_n150_t150_ShLr_2.txt,20,2689
.\TestInstances\n150 t150 ShLr\cap100_n150_t150_ShLr_3.txt,20,2317
.\TestInstances\n150 t150 ShLr\cap100_n150_t150_ShLr_4.txt,18,2279
.\TestInstances\n150 t150 ShLr\cap100_n150_t150_ShLr_5.txt,17,2275
.\TestInstances\n150 t150 ShSm\cap100_n150_t150_ShSm_1.txt,17,1558
.\TestInstances\n150 t150 ShSm\cap100_n150_t150_ShSm_2.txt,17,1674
.\TestInstances\n150 t150 ShSm\cap100_n150_t150_ShSm_3.txt,17,1558
.\TestInstances\n150 t150 ShSm\cap100_n150_t150_ShSm_4.txt,18,1633
.\TestInstances\n150 t150 ShSm\cap100_n150_t150_ShSm_5.txt,15,1710
.\TestInstances\n150 t180 LonLr\cap100_n150_t180_LonLr_1.txt,23,3947
.\TestInstances\n150 t180 LonLr\cap100_n150_t180_LonLr_2.txt,21,4023
.\TestInstances\n150 t180 LonLr\cap100_n150_t180_LonLr_3.txt,23,4205
.\TestInstances\n150 t180 LonLr\cap100_n150_t180_LonLr_4.txt,21,4151
.\TestInstances\n150 t180 LonLr\cap100_n150_t180_LonLr_5.txt,23,3812
.\TestInstances\n150 t180 LonSm\cap100_n150_t180_LonSm_1.txt,22,2874
.\TestInstances\n150 t180 LonSm\cap100_n150_t180_LonSm_2.txt,19,2890
.\TestInstances\n150 t180 LonSm\cap100_n150_t180_LonSm_3.txt,19,2966
.\TestInstances\n150 t180 LonSm\cap100_n150_t180_LonSm_4.txt,21,3059
.\TestInstances\n150 t180 LonSm\cap100_n150_t180_LonSm_5.txt,20,2898
.\TestInstances\n150 t180 ShLr\cap100_n150_t180_ShLr_1.txt,18,2375
.\TestInstances\n150 t180 ShLr\cap100_n150_t180_ShLr_2.txt,17,2089
.\TestInstances\n150 t180 ShLr\cap100_n150_t180_ShLr_3.txt,18,2277
.\TestInstances\n150 t180 ShLr\cap100_n150_t180_ShLr_4.txt,20,2317
.\TestInstances\n150 t180 ShLr\cap100_n150_t180_ShLr_5.txt,20,2369
.\TestInstances\n150 t180 ShSm\cap100_n150_t180_ShSm_1.txt,17,1633
.\TestInstances\n150 t180 ShSm\cap100_n150_t180_ShSm_2.txt,19,1706
.\TestInstances\n150 t180 ShSm\cap100_n150_t180_ShSm_3.txt,18,1643
.\TestInstances\n150 t180 ShSm\cap100_n150_t180_ShSm_4.txt,18,1551
.\TestInstances\n150 t180 ShSm\cap100_n150_t180_ShSm_5.txt,18,1689
.\TestInstances\n200 t200 LonLr\cap100_n200_t200_LonLr_1.txt,29,4966
.\TestInstances\n200 t200 LonLr\cap100_n200_t200_LonLr_2.txt,28,5367
.\TestInstances\n200 t200 LonLr\cap100_n200_t200_LonLr_3.txt,28,5181
.\TestInstances\n200 t200 LonLr\cap100_n200_t200_LonLr_4.txt,29,5366
.\TestInstances\n200 t200 LonLr\cap100_n200_t200_LonLr_5.txt,29,5141
.\TestInstances\n200 t200 LonSm\cap100_n200_t200_LonSm_1.txt,24,3882
.\TestInstances\n200 t200 LonSm\cap100_n200_t200_LonSm_2.txt,27,4137
.\TestInstances\n200 t200 LonSm\cap100_n200_t200_LonSm_3.txt,26,3875
.\TestInstances\n200 t200 LonSm\cap100_n200_t200_LonSm_4.txt,25,3856
.\TestInstances\n200 t200 LonSm\cap100_n200_t200_LonSm_5.txt,25,3950
.\TestInstances\n200 t200 ShLr\cap100_n200_t200_ShLr_1.txt,23,3078
.\TestInstances\n200 t200 ShLr\cap100_n200_t200_ShLr_2.txt,22,3060
.\TestInstances\n200 t200 ShLr\cap100_n200_t200_ShLr_3.txt,24,2900
.\TestInstances\n200 t200 ShLr\cap100_n200_t200_ShLr_4.txt,21,2684
.\TestInstances\n200 t200 ShLr\cap100_n200_t200_ShLr_5.txt,26,2983
.\TestInstances\n200 t200 ShSm\cap100_n200_t200_ShSm_1.txt,20,2139
.\TestInstances\n200 t200 ShSm\cap100_n200_t200_ShSm_2.txt,24,2396
.\TestInstances\n200 t200 ShSm\cap100_n200_t200_ShSm_3.txt,24,2105
.\TestInstances\n200 t200 ShSm\cap100_n200_t200_ShSm_4.txt,23,2282
.\TestInstances\n200 t200 ShSm\cap100_n200_t200_ShSm_5.txt,23,2178
.\TestInstances\n200 t240 LonLr\cap100_n200_t240_LonLr_1.txt,26,5432
.\TestInstances\n200 t240 LonLr\cap100_n200_t240_LonLr_2.txt,24,5346
.\TestInstances\n200 t240 LonLr\cap100_n200_t240_LonLr_3.txt,24,5582
.\TestInstances\n200 t240 LonLr\cap100_n200_t240_LonLr_4.txt,26,5466
.\TestInstances\n200 t240 LonLr\cap100_n200_t240_LonLr_5.txt,24,5543
.\TestInstances\n200 t240 LonSm\cap100_n200_t240_LonSm_1.txt,23,4231
.\TestInstances\n200 t240 LonSm\cap100_n200_t240_LonSm_2.txt,23,3838
.\TestInstances\n200 t240 LonSm\cap100_n200_t240_LonSm_3.txt,24,4192
.\TestInstances\n200 t240 LonSm\cap100_n200_t240_LonSm_4.txt,23,4015
.\TestInstances\n200 t240 LonSm\cap100_n200_t240_LonSm_5.txt,23,3740
.\TestInstances\n200 t240 ShLr\cap100_n200_t240_ShLr_1.txt,22,3122
.\TestInstances\n200 t240 ShLr\cap100_n200_t240_ShLr_2.txt,21,3092
.\TestInstances\n200 t240 ShLr\cap100_n200_t240_ShLr_3.txt,22,3252
.\TestInstances\n200 t240 ShLr\cap100_n200_t240_ShLr_4.txt,22,3452
.\TestInstances\n200 t240 ShLr\cap100_n200_t240_ShLr_5.txt,23,2993
.\TestInstances\n200 t240 ShSm\cap100_n200_t240_ShSm_1.txt,23,2364
.\TestInstances\n200 t240 ShSm\cap100_n200_t240_ShSm_2.txt,20,2339
.\TestInstances\n200 t240 ShSm\cap100_n200_t240_ShSm_3.txt,23,2246
.\TestInstances\n200 t240 ShSm\cap100_n200_t240_ShSm_4.txt,26,2347
.\TestInstances\n200 t240 ShSm\cap100_n200_t240_ShSm_5.txt,23,2342
.\TestInstances\n50 t50 LonLr\cap100_n50_t50_LonLr_1.txt,12,1212
.\TestInstances\n50 t50 LonLr\cap100_n50_t50_LonLr_2.txt,11,1308
.\TestInstances\n50 t50 LonLr\cap100_n50_t50_LonLr_3.txt,14,1266
.\TestInstances\n50 t50 LonLr\cap100_n50_t50_LonLr_4.txt,15,1538
.\TestInstances\n50 t50 LonLr\cap100_n50_t50_LonLr_5.txt,14,1282
.\TestInstances\n50 t50 LonSm\cap100_n50_t50_LonSm_1.txt,14,955
.\TestInstances\n50 t50 LonSm\cap100_n50_t50_LonSm_2.txt,14,998
.\TestInstances\n50 t50 LonSm\cap100_n50_t50_LonSm_3.txt,14,913
.\TestInstances\n50 t50 LonSm\cap100_n50_t50_LonSm_4.txt,11,966
.\TestInstances\n50 t50 LonSm\cap100_n50_t50_LonSm_5.txt,14,1004
.\TestInstances\n50 t50 ShLr\cap100_n50_t50_ShLr_1.txt,12,737
.\TestInstances\n50 t50 ShLr\cap100_n50_t50_ShLr_2.txt,10,681
.\TestInstances\n50 t50 ShLr\cap100_n50_t50_ShLr_3.txt,10,685
.\TestInstances\n50 t50 ShLr\cap100_n50_t50_ShLr_4.txt,14,739
.\TestInstances\n50 t50 ShLr\cap100_n50_t50_ShLr_5.txt,12,597
.\TestInstances\n50 t50 ShSm\cap100_n50_t50_ShSm_1.txt,9,485
.\TestInstances\n50 t50 ShSm\cap100_n50_t50_ShSm_2.txt,10,495
.\TestInstances\n50 t50 ShSm\cap100_n50_t50_ShSm_3.txt,8,476
.\TestInstances\n50 t50 ShSm\cap100_n50_t50_ShSm_4.txt,12,512
.\TestInstances\n50 t50 ShSm\cap100_n50_t50_ShSm_5.txt,10,498
.\TestInstances\n50 t60 LonLr\cap100_n50_t60_LonLr_1.txt,16,1319
.\TestInstances\n50 t60 LonLr\cap100_n50_t60_LonLr_2.txt,15,1262
.\TestInstances\n50 t60 LonLr\cap100_n50_t60_LonLr_3.txt,13,1269
.\TestInstances\n50 t60 LonLr\cap100_n50_t60_LonLr_4.txt,14,1332
.\TestInstances\n50 t60 LonLr\cap100_n50_t60_LonLr_5.txt,13,1213
.\TestInstances\n50 t60 LonSm\cap100_n50_t60_LonSm_1.txt,11,972
.\TestInstances\n50 t60 LonSm\cap100_n50_t60_LonSm_2.txt,15,1072
.\TestInstances\n50 t60 LonSm\cap100_n50_t60_LonSm_3.txt,11,980
.\TestInstances\n50 t60 LonSm\cap100_n50_t60_LonSm_4.txt,14,939
.\TestInstances\n50 t60 LonSm\cap100_n50_t60_LonSm_5.txt,13,1018
.\TestInstances\n50 t60 ShLr\cap100_n50_t60_ShLr_1.txt,9,644
.\TestInstances\n50 t60 ShLr\cap100_n50_t60_ShLr_2.txt,9,718
.\TestInstances\n50 t60 ShLr\cap100_n50_t60_ShLr_3.txt,10,630
.\TestInstances\n50 t60 ShLr\cap100_n50_t60_ShLr_4.txt,10,721
.\TestInstances\n50 t60 ShLr\cap100_n50_t60_ShLr_5.txt,10,619
.\TestInstances\n50 t60 ShSm\cap100_n50_t60_ShSm_1.txt,8,557
.\TestInstances\n50 t60 ShSm\cap100_n50_t60_ShSm_2.txt,9,470
.\TestInstances\n50 t60 ShSm\cap100_n50_t60_ShSm_3.txt,7,425
.\TestInstances\n50 t60 ShSm\cap100_n50_t60_ShSm_4.txt,10,508
.\TestInstances\n50 t60 ShSm\cap100_n50_t60_ShSm_5.txt,9,467
